"cityid","cityprovid","cityname","createdby","createddate","updatedby","updateddate","isactive"
"1101","11","ACEH SELATAN","1","2022-05-19 08:08:01","1","2022-05-19 08:08:01",1
"1102","11","ACEH TENGGARA","1","2022-05-19 08:08:01","1","2022-05-19 08:08:01",1
"1103","11","ACEH TIMUR","1","2022-05-19 08:08:01","1","2022-05-19 08:08:01",1
"1104","11","ACEH TENGAH","1","2022-05-19 08:08:01","1","2022-05-19 08:08:01",1
"1105","11","ACEH BARAT","1","2022-05-19 08:08:01","1","2022-05-19 08:08:01",1
"1106","11","ACEH BESAR","1","2022-05-19 08:08:01","1","2022-05-19 08:08:01",1
"1107","11","PIDIE","1","2022-05-19 08:08:01","1","2022-05-19 08:08:01",1
"1108","11","ACEH UTARA","1","2022-05-19 08:08:01","1","2022-05-19 08:08:01",1
"1109","11","SIMEULUE","1","2022-05-19 08:08:01","1","2022-05-19 08:08:01",1
"1110","11","ACEH SINGKIL","1","2022-05-19 08:08:01","1","2022-05-19 08:08:01",1
"1111","11","BIREUEN","1","2022-05-19 08:08:01","1","2022-05-19 08:08:01",1
"1112","11","ACEH BARAT DAYA","1","2022-05-19 08:08:01","1","2022-05-19 08:08:01",1
"1113","11","GAYO LUES","1","2022-05-19 08:08:01","1","2022-05-19 08:08:01",1
"1114","11","ACEH JAYA","1","2022-05-19 08:08:01","1","2022-05-19 08:08:01",1
"1115","11","NAGAN RAYA","1","2022-05-19 08:08:01","1","2022-05-19 08:08:01",1
"1116","11","ACEH TAMIANG","1","2022-05-19 08:08:01","1","2022-05-19 08:08:01",1
"1117","11","BENER MERIAH","1","2022-05-19 08:08:01","1","2022-05-19 08:08:01",1
"1118","11","PIDIE JAYA","1","2022-05-19 08:08:01","1","2022-05-19 08:08:01",1
"1171","11","BANDA ACEH","1","2022-05-19 08:08:01","1","2022-05-19 08:08:01",1
"1172","11","SABANG","1","2022-05-19 08:08:01","1","2022-05-19 08:08:01",1
"1173","11","LHOKSEUMAWE","1","2022-05-19 08:08:01","1","2022-05-19 08:08:01",1
"1174","11","LANGSA","1","2022-05-19 08:08:01","1","2022-05-19 08:08:01",1
"1175","11","SUBULUSSALAM","1","2022-05-19 08:08:01","1","2022-05-19 08:08:01",1
"1201","12","TAPANULI TENGAH","1","2022-05-19 08:08:01","1","2022-05-19 08:08:01",1
"1202","12","TAPANULI UTARA","1","2022-05-19 08:08:01","1","2022-05-19 08:08:01",1
"1203","12","TAPANULI SELATAN","1","2022-05-19 08:08:01","1","2022-05-19 08:08:01",1
"1204","12","NIAS","1","2022-05-19 08:08:01","1","2022-05-19 08:08:01",1
"1205","12","LANGKAT","1","2022-05-19 08:08:01","1","2022-05-19 08:08:01",1
"1206","12","KARO","1","2022-05-19 08:08:01","1","2022-05-19 08:08:01",1
"1207","12","DELI SERDANG","1","2022-05-19 08:08:01","1","2022-05-19 08:08:01",1
"1208","12","SIMALUNGUN","1","2022-05-19 08:08:01","1","2022-05-19 08:08:01",1
"1209","12","ASAHAN","1","2022-05-19 08:08:01","1","2022-05-19 08:08:01",1
"1210","12","LABUHANBATU","1","2022-05-19 08:08:01","1","2022-05-19 08:08:01",1
"1211","12","DAIRI","1","2022-05-19 08:08:01","1","2022-05-19 08:08:01",1
"1212","12","TOBA SAMOSIR","1","2022-05-19 08:08:01","1","2022-05-19 08:08:01",1
"1213","12","MANDAILING NATAL","1","2022-05-19 08:08:01","1","2022-05-19 08:08:01",1
"1214","12","NIAS SELATAN","1","2022-05-19 08:08:01","1","2022-05-19 08:08:01",1
"1215","12","PAKPAK BHARAT","1","2022-05-19 08:08:01","1","2022-05-19 08:08:01",1
"1216","12","HUMBANG HASUNDUTAN","1","2022-05-19 08:08:01","1","2022-05-19 08:08:01",1
"1217","12","SAMOSIR","1","2022-05-19 08:08:01","1","2022-05-19 08:08:01",1
"1218","12","SERDANG BEDAGAI","1","2022-05-19 08:08:01","1","2022-05-19 08:08:01",1
"1219","12","BATU BARA","1","2022-05-19 08:08:01","1","2022-05-19 08:08:01",1
"1220","12","PADANG LAWAS UTARA","1","2022-05-19 08:08:01","1","2022-05-19 08:08:01",1
"1221","12","PADANG LAWAS","1","2022-05-19 08:08:01","1","2022-05-19 08:08:01",1
"1222","12","LABUHANBATU SELATAN","1","2022-05-19 08:08:01","1","2022-05-19 08:08:01",1
"1223","12","LABUHANBATU UTARA","1","2022-05-19 08:08:01","1","2022-05-19 08:08:01",1
"1224","12","NIAS UTARA","1","2022-05-19 08:08:01","1","2022-05-19 08:08:01",1
"1225","12","NIAS BARAT","1","2022-05-19 08:08:01","1","2022-05-19 08:08:01",1
"1271","12","MEDAN","1","2022-05-19 08:08:01","1","2022-05-19 08:08:01",1
"1272","12","PEMATANGSIANTAR","1","2022-05-19 08:08:01","1","2022-05-19 08:08:01",1
"1273","12","SIBOLGA","1","2022-05-19 08:08:01","1","2022-05-19 08:08:01",1
"1274","12","TANJUNG BALAI","1","2022-05-19 08:08:01","1","2022-05-19 08:08:01",1
"1275","12","BINJAI","1","2022-05-19 08:08:01","1","2022-05-19 08:08:01",1
"1276","12","TEBING TINGGI","1","2022-05-19 08:08:01","1","2022-05-19 08:08:01",1
"1277","12","PADANGSIDIMPUAN","1","2022-05-19 08:08:01","1","2022-05-19 08:08:01",1
"1278","12","GUNUNGSITOLI","1","2022-05-19 08:08:01","1","2022-05-19 08:08:01",1
"1301","13","PESISIR SELATAN","1","2022-05-19 08:08:01","1","2022-05-19 08:08:01",1
"1302","13","SOLOK","1","2022-05-19 08:08:01","1","2022-05-19 08:08:01",1
"1303","13","SIJUNJUNG","1","2022-05-19 08:08:01","1","2022-05-19 08:08:01",1
"1304","13","TANAH DATAR","1","2022-05-19 08:08:01","1","2022-05-19 08:08:01",1
"1305","13","PADANG PARIAMAN","1","2022-05-19 08:08:01","1","2022-05-19 08:08:01",1
"1306","13","AGAM","1","2022-05-19 08:08:01","1","2022-05-19 08:08:01",1
"1307","13","LIMA PULUH KOTA","1","2022-05-19 08:08:01","1","2022-05-19 08:08:01",1
"1308","13","PASAMAN","1","2022-05-19 08:08:01","1","2022-05-19 08:08:01",1
"1309","13","KEPULAUAN MENTAWAI","1","2022-05-19 08:08:01","1","2022-05-19 08:08:01",1
"1310","13","DHARMASRAYA","1","2022-05-19 08:08:01","1","2022-05-19 08:08:01",1
"1311","13","SOLOK SELATAN","1","2022-05-19 08:08:01","1","2022-05-19 08:08:01",1
"1312","13","PASAMAN BARAT","1","2022-05-19 08:08:01","1","2022-05-19 08:08:01",1
"1371","13","PADANG","1","2022-05-19 08:08:01","1","2022-05-19 08:08:01",1
"1372","13","SOLOK","1","2022-05-19 08:08:01","1","2022-05-19 08:08:01",1
"1373","13","SAWAHLUNTO","1","2022-05-19 08:08:01","1","2022-05-19 08:08:01",1
"1374","13","PADANG PANJANG","1","2022-05-19 08:08:01","1","2022-05-19 08:08:01",1
"1375","13","BUKITTINGGI","1","2022-05-19 08:08:01","1","2022-05-19 08:08:01",1
"1376","13","PAYAKUMBUH","1","2022-05-19 08:08:01","1","2022-05-19 08:08:01",1
"1377","13","PARIAMAN","1","2022-05-19 08:08:01","1","2022-05-19 08:08:01",1
"1401","14","KAMPAR","1","2022-05-19 08:08:01","1","2022-05-19 08:08:01",1
"1402","14","INDRAGIRI HULU","1","2022-05-19 08:08:01","1","2022-05-19 08:08:01",1
"1403","14","BENGKALIS","1","2022-05-19 08:08:01","1","2022-05-19 08:08:01",1
"1404","14","INDRAGIRI HILIR","1","2022-05-19 08:08:01","1","2022-05-19 08:08:01",1
"1405","14","PELALAWAN","1","2022-05-19 08:08:01","1","2022-05-19 08:08:01",1
"1406","14","ROKAN HULU","1","2022-05-19 08:08:01","1","2022-05-19 08:08:01",1
"1407","14","ROKAN HILIR","1","2022-05-19 08:08:01","1","2022-05-19 08:08:01",1
"1408","14","SIAK","1","2022-05-19 08:08:01","1","2022-05-19 08:08:01",1
"1409","14","KUANTAN SINGINGI","1","2022-05-19 08:08:01","1","2022-05-19 08:08:01",1
"1410","14","KEPULAUAN MERANTI","1","2022-05-19 08:08:01","1","2022-05-19 08:08:01",1
"1471","14","PEKANBARU","1","2022-05-19 08:08:01","1","2022-05-19 08:08:01",1
"1472","14","DUMAI","1","2022-05-19 08:08:01","1","2022-05-19 08:08:01",1
"1501","15","KERINCI","1","2022-05-19 08:08:01","1","2022-05-19 08:08:01",1
"1502","15","MERANGIN","1","2022-05-19 08:08:01","1","2022-05-19 08:08:01",1
"1503","15","SAROLANGUN","1","2022-05-19 08:08:01","1","2022-05-19 08:08:01",1
"1504","15","BATANGHARI","1","2022-05-19 08:08:01","1","2022-05-19 08:08:01",1
"1505","15","MUARO JAMBI","1","2022-05-19 08:08:01","1","2022-05-19 08:08:01",1
"1506","15","TANJUNG JABUNG BARAT","1","2022-05-19 08:08:01","1","2022-05-19 08:08:01",1
"1507","15","TANJUNG JABUNG TIMUR","1","2022-05-19 08:08:01","1","2022-05-19 08:08:01",1
"1508","15","BUNGO","1","2022-05-19 08:08:01","1","2022-05-19 08:08:01",1
"1509","15","TEBO","1","2022-05-19 08:08:01","1","2022-05-19 08:08:01",1
"1571","15","JAMBI","1","2022-05-19 08:08:01","1","2022-05-19 08:08:01",1
"1572","15","SUNGAI PENUH","1","2022-05-19 08:08:01","1","2022-05-19 08:08:01",1
"1601","16","OGAN KOMERING ULU","1","2022-05-19 08:08:01","1","2022-05-19 08:08:01",1
"1602","16","OGAN KOMERING ILIR","1","2022-05-19 08:08:01","1","2022-05-19 08:08:01",1
"1603","16","MUARA ENIM","1","2022-05-19 08:08:01","1","2022-05-19 08:08:01",1
"1604","16","LAHAT","1","2022-05-19 08:08:01","1","2022-05-19 08:08:01",1
"1605","16","MUSI RAWAS","1","2022-05-19 08:08:01","1","2022-05-19 08:08:01",1
"1606","16","MUSI BANYUASIN","1","2022-05-19 08:08:01","1","2022-05-19 08:08:01",1
"1607","16","BANYUASIN","1","2022-05-19 08:08:01","1","2022-05-19 08:08:01",1
"1608","16","OGAN KOMERING ULU TIMUR","1","2022-05-19 08:08:01","1","2022-05-19 08:08:01",1
"1609","16","OGAN KOMERING ULU SELATAN","1","2022-05-19 08:08:01","1","2022-05-19 08:08:01",1
"1610","16","OGAN ILIR","1","2022-05-19 08:08:01","1","2022-05-19 08:08:01",1
"1611","16","EMPAT LAWANG","1","2022-05-19 08:08:01","1","2022-05-19 08:08:01",1
"1612","16","PENUKAL ABAB LEMATANG ILIR","1","2022-05-19 08:08:01","1","2022-05-19 08:08:01",1
"1613","16","MUSI RAWAS UTARA","1","2022-05-19 08:08:01","1","2022-05-19 08:08:01",1
"1671","16","PALEMBANG","1","2022-05-19 08:08:01","1","2022-05-19 08:08:01",1
"1672","16","PAGAR ALAM","1","2022-05-19 08:08:01","1","2022-05-19 08:08:01",1
"1673","16","LUBUK LINGGAU","1","2022-05-19 08:08:01","1","2022-05-19 08:08:01",1
"1674","16","PRABUMULIH","1","2022-05-19 08:08:01","1","2022-05-19 08:08:01",1
"1701","17","BENGKULU SELATAN","1","2022-05-19 08:08:01","1","2022-05-19 08:08:01",1
"1702","17","REJANG LEBONG","1","2022-05-19 08:08:01","1","2022-05-19 08:08:01",1
"1703","17","BENGKULU UTARA","1","2022-05-19 08:08:01","1","2022-05-19 08:08:01",1
"1704","17","KAUR","1","2022-05-19 08:08:01","1","2022-05-19 08:08:01",1
"1705","17","SELUMA","1","2022-05-19 08:08:01","1","2022-05-19 08:08:01",1
"1706","17","MUKO MUKO","1","2022-05-19 08:08:01","1","2022-05-19 08:08:01",1
"1707","17","LEBONG","1","2022-05-19 08:08:01","1","2022-05-19 08:08:01",1
"1708","17","KEPAHIANG","1","2022-05-19 08:08:01","1","2022-05-19 08:08:01",1
"1709","17","BENGKULU TENGAH","1","2022-05-19 08:08:01","1","2022-05-19 08:08:01",1
"1771","17","BENGKULU","1","2022-05-19 08:08:01","1","2022-05-19 08:08:01",1
"1801","18","LAMPUNG SELATAN","1","2022-05-19 08:08:01","1","2022-05-19 08:08:01",1
"1802","18","LAMPUNG TENGAH","1","2022-05-19 08:08:01","1","2022-05-19 08:08:01",1
"1803","18","LAMPUNG UTARA","1","2022-05-19 08:08:01","1","2022-05-19 08:08:01",1
"1804","18","LAMPUNG BARAT","1","2022-05-19 08:08:01","1","2022-05-19 08:08:01",1
"1805","18","TULANG BAWANG","1","2022-05-19 08:08:01","1","2022-05-19 08:08:01",1
"1806","18","TANGGAMUS","1","2022-05-19 08:08:01","1","2022-05-19 08:08:01",1
"1807","18","LAMPUNG TIMUR","1","2022-05-19 08:08:01","1","2022-05-19 08:08:01",1
"1808","18","WAY KANAN","1","2022-05-19 08:08:01","1","2022-05-19 08:08:01",1
"1809","18","PESAWARAN","1","2022-05-19 08:08:01","1","2022-05-19 08:08:01",1
"1810","18","PRINGSEWU","1","2022-05-19 08:08:01","1","2022-05-19 08:08:01",1
"1811","18","MESUJI","1","2022-05-19 08:08:01","1","2022-05-19 08:08:01",1
"1812","18","TULANG BAWANG BARAT","1","2022-05-19 08:08:01","1","2022-05-19 08:08:01",1
"1813","18","PESISIR BARAT","1","2022-05-19 08:08:01","1","2022-05-19 08:08:01",1
"1871","18","BANDAR LAMPUNG","1","2022-05-19 08:08:01","1","2022-05-19 08:08:01",1
"1872","18","METRO","1","2022-05-19 08:08:01","1","2022-05-19 08:08:01",1
"1901","19","BANGKA","1","2022-05-19 08:08:01","1","2022-05-19 08:08:01",1
"1902","19","BELITUNG","1","2022-05-19 08:08:01","1","2022-05-19 08:08:01",1
"1903","19","BANGKA SELATAN","1","2022-05-19 08:08:01","1","2022-05-19 08:08:01",1
"1904","19","BANGKA TENGAH","1","2022-05-19 08:08:01","1","2022-05-19 08:08:01",1
"1905","19","BANGKA BARAT","1","2022-05-19 08:08:01","1","2022-05-19 08:08:01",1
"1906","19","BELITUNG TIMUR","1","2022-05-19 08:08:01","1","2022-05-19 08:08:01",1
"1971","19","PANGKAL PINANG","1","2022-05-19 08:08:01","1","2022-05-19 08:08:01",1
"2101","21","BINTAN","1","2022-05-19 08:08:01","1","2022-05-19 08:08:01",1
"2102","21","KARIMUN","1","2022-05-19 08:08:01","1","2022-05-19 08:08:01",1
"2103","21","NATUNA","1","2022-05-19 08:08:01","1","2022-05-19 08:08:01",1
"2104","21","LINGGA","1","2022-05-19 08:08:01","1","2022-05-19 08:08:01",1
"2105","21","KEPULAUAN ANAMBAS","1","2022-05-19 08:08:01","1","2022-05-19 08:08:01",1
"2171","21","BATAM","1","2022-05-19 08:08:01","1","2022-05-19 08:08:01",1
"2172","21","TANJUNG PINANG","1","2022-05-19 08:08:01","1","2022-05-19 08:08:01",1
"3101","31","ADMINISTRASI KEPULAUAN SERIBU","1","2022-05-19 08:08:01","1","2022-05-19 08:08:01",1
"3171","31","ADMINISTRASI JAKARTA PUSAT","1","2022-05-19 08:08:01","1","2022-05-19 08:08:01",1
"3172","31","ADMINISTRASI JAKARTA UTARA","1","2022-05-19 08:08:01","1","2022-05-19 08:08:01",1
"3173","31","ADMINISTRASI JAKARTA BARAT","1","2022-05-19 08:08:01","1","2022-05-19 08:08:01",1
"3174","31","ADMINISTRASI JAKARTA SELATAN","1","2022-05-19 08:08:01","1","2022-05-19 08:08:01",1
"3175","31","ADMINISTRASI JAKARTA TIMUR","1","2022-05-19 08:08:01","1","2022-05-19 08:08:01",1
"3201","32","BOGOR","1","2022-05-19 08:08:01","1","2022-05-19 08:08:01",1
"3202","32","SUKABUMI","1","2022-05-19 08:08:01","1","2022-05-19 08:08:01",1
"3203","32","CIANJUR","1","2022-05-19 08:08:01","1","2022-05-19 08:08:01",1
"3204","32","BANDUNG","1","2022-05-19 08:08:01","1","2022-05-19 08:08:01",1
"3205","32","GARUT","1","2022-05-19 08:08:01","1","2022-05-19 08:08:01",1
"3206","32","TASIKMALAYA","1","2022-05-19 08:08:01","1","2022-05-19 08:08:01",1
"3207","32","CIAMIS","1","2022-05-19 08:08:01","1","2022-05-19 08:08:01",1
"3208","32","KUNINGAN","1","2022-05-19 08:08:01","1","2022-05-19 08:08:01",1
"3209","32","CIREBON","1","2022-05-19 08:08:01","1","2022-05-19 08:08:01",1
"3210","32","MAJALENGKA","1","2022-05-19 08:08:01","1","2022-05-19 08:08:01",1
"3211","32","SUMEDANG","1","2022-05-19 08:08:01","1","2022-05-19 08:08:01",1
"3212","32","INDRAMAYU","1","2022-05-19 08:08:01","1","2022-05-19 08:08:01",1
"3213","32","SUBANG","1","2022-05-19 08:08:01","1","2022-05-19 08:08:01",1
"3214","32","PURWAKARTA","1","2022-05-19 08:08:01","1","2022-05-19 08:08:01",1
"3215","32","KARAWANG","1","2022-05-19 08:08:01","1","2022-05-19 08:08:01",1
"3216","32","BEKASI","1","2022-05-19 08:08:01","1","2022-05-19 08:08:01",1
"3217","32","BANDUNG BARAT","1","2022-05-19 08:08:01","1","2022-05-19 08:08:01",1
"3218","32","PANGANDARAN","1","2022-05-19 08:08:01","1","2022-05-19 08:08:01",1
"3271","32","BOGOR","1","2022-05-19 08:08:01","1","2022-05-19 08:08:01",1
"3272","32","SUKABUMI","1","2022-05-19 08:08:01","1","2022-05-19 08:08:01",1
"3273","32","BANDUNG","1","2022-05-19 08:08:01","1","2022-05-19 08:08:01",1
"3274","32","CIREBON","1","2022-05-19 08:08:01","1","2022-05-19 08:08:01",1
"3275","32","BEKASI","1","2022-05-19 08:08:01","1","2022-05-19 08:08:01",1
"3276","32","DEPOK","1","2022-05-19 08:08:01","1","2022-05-19 08:08:01",1
"3277","32","CIMAHI","1","2022-05-19 08:08:01","1","2022-05-19 08:08:01",1
"3278","32","TASIKMALAYA","1","2022-05-19 08:08:01","1","2022-05-19 08:08:01",1
"3279","32","BANJAR","1","2022-05-19 08:08:01","1","2022-05-19 08:08:01",1
"3301","33","CILACAP","1","2022-05-19 08:08:01","1","2022-05-19 08:08:01",1
"3302","33","BANYUMAS","1","2022-05-19 08:08:01","1","2022-05-19 08:08:01",1
"3303","33","PURBALINGGA","1","2022-05-19 08:08:01","1","2022-05-19 08:08:01",1
"3304","33","BANJARNEGARA","1","2022-05-19 08:08:01","1","2022-05-19 08:08:01",1
"3305","33","KEBUMEN","1","2022-05-19 08:08:01","1","2022-05-19 08:08:01",1
"3306","33","PURWOREJO","1","2022-05-19 08:08:01","1","2022-05-19 08:08:01",1
"3307","33","WONOSOBO","1","2022-05-19 08:08:01","1","2022-05-19 08:08:01",1
"3308","33","MAGELANG","1","2022-05-19 08:08:01","1","2022-05-19 08:08:01",1
"3309","33","BOYOLALI","1","2022-05-19 08:08:01","1","2022-05-19 08:08:01",1
"3310","33","KLATEN","1","2022-05-19 08:08:01","1","2022-05-19 08:08:01",1
"3311","33","SUKOHARJO","1","2022-05-19 08:08:01","1","2022-05-19 08:08:01",1
"3312","33","WONOGIRI","1","2022-05-19 08:08:01","1","2022-05-19 08:08:01",1
"3313","33","KARANGANYAR","1","2022-05-19 08:08:01","1","2022-05-19 08:08:01",1
"3314","33","SRAGEN","1","2022-05-19 08:08:01","1","2022-05-19 08:08:01",1
"3315","33","GROBOGAN","1","2022-05-19 08:08:01","1","2022-05-19 08:08:01",1
"3316","33","BLORA","1","2022-05-19 08:08:01","1","2022-05-19 08:08:01",1
"3317","33","REMBANG","1","2022-05-19 08:08:01","1","2022-05-19 08:08:01",1
"3318","33","PATI","1","2022-05-19 08:08:01","1","2022-05-19 08:08:01",1
"3319","33","KUDUS","1","2022-05-19 08:08:01","1","2022-05-19 08:08:01",1
"3320","33","JEPARA","1","2022-05-19 08:08:01","1","2022-05-19 08:08:01",1
"3321","33","DEMAK","1","2022-05-19 08:08:01","1","2022-05-19 08:08:01",1
"3322","33","SEMARANG","1","2022-05-19 08:08:01","1","2022-05-19 08:08:01",1
"3323","33","TEMANGGUNG","1","2022-05-19 08:08:01","1","2022-05-19 08:08:01",1
"3324","33","KENDAL","1","2022-05-19 08:08:01","1","2022-05-19 08:08:01",1
"3325","33","BATANG","1","2022-05-19 08:08:01","1","2022-05-19 08:08:01",1
"3326","33","PEKALONGAN","1","2022-05-19 08:08:01","1","2022-05-19 08:08:01",1
"3327","33","PEMALANG","1","2022-05-19 08:08:01","1","2022-05-19 08:08:01",1
"3328","33","TEGAL","1","2022-05-19 08:08:01","1","2022-05-19 08:08:01",1
"3329","33","BREBES","1","2022-05-19 08:08:01","1","2022-05-19 08:08:01",1
"3371","33","MAGELANG","1","2022-05-19 08:08:01","1","2022-05-19 08:08:01",1
"3372","33","SURAKARTA","1","2022-05-19 08:08:01","1","2022-05-19 08:08:01",1
"3373","33","SALATIGA","1","2022-05-19 08:08:01","1","2022-05-19 08:08:01",1
"3374","33","SEMARANG","1","2022-05-19 08:08:01","1","2022-05-19 08:08:01",1
"3375","33","PEKALONGAN","1","2022-05-19 08:08:01","1","2022-05-19 08:08:01",1
"3376","33","TEGAL","1","2022-05-19 08:08:01","1","2022-05-19 08:08:01",1
"3401","34","KULON PROGO","1","2022-05-19 08:08:01","1","2022-05-19 08:08:01",1
"3402","34","BANTUL","1","2022-05-19 08:08:01","1","2022-05-19 08:08:01",1
"3403","34","GUNUNGKIDUL","1","2022-05-19 08:08:01","1","2022-05-19 08:08:01",1
"3404","34","SLEMAN","1","2022-05-19 08:08:01","1","2022-05-19 08:08:01",1
"3471","34","YOGYAKARTA","1","2022-05-19 08:08:01","1","2022-05-19 08:08:01",1
"3501","35","PACITAN","1","2022-05-19 08:08:01","1","2022-05-19 08:08:01",1
"3502","35","PONOROGO","1","2022-05-19 08:08:01","1","2022-05-19 08:08:01",1
"3503","35","TRENGGALEK","1","2022-05-19 08:08:01","1","2022-05-19 08:08:01",1
"3504","35","TULUNGAGUNG","1","2022-05-19 08:08:01","1","2022-05-19 08:08:01",1
"3505","35","BLITAR","1","2022-05-19 08:08:01","1","2022-05-19 08:08:01",1
"3506","35","KEDIRI","1","2022-05-19 08:08:01","1","2022-05-19 08:08:01",1
"3507","35","MALANG","1","2022-05-19 08:08:01","1","2022-05-19 08:08:01",1
"3508","35","LUMAJANG","1","2022-05-19 08:08:01","1","2022-05-19 08:08:01",1
"3509","35","JEMBER","1","2022-05-19 08:08:01","1","2022-05-19 08:08:01",1
"3510","35","BANYUWANGI","1","2022-05-19 08:08:01","1","2022-05-19 08:08:01",1
"3511","35","BONDOWOSO","1","2022-05-19 08:08:01","1","2022-05-19 08:08:01",1
"3512","35","SITUBONDO","1","2022-05-19 08:08:01","1","2022-05-19 08:08:01",1
"3513","35","PROBOLINGGO","1","2022-05-19 08:08:01","1","2022-05-19 08:08:01",1
"3514","35","PASURUAN","1","2022-05-19 08:08:01","1","2022-05-19 08:08:01",1
"3515","35","SIDOARJO","1","2022-05-19 08:08:01","1","2022-05-19 08:08:01",1
"3516","35","MOJOKERTO","1","2022-05-19 08:08:01","1","2022-05-19 08:08:01",1
"3517","35","JOMBANG","1","2022-05-19 08:08:01","1","2022-05-19 08:08:01",1
"3518","35","NGANJUK","1","2022-05-19 08:08:01","1","2022-05-19 08:08:01",1
"3519","35","MADIUN","1","2022-05-19 08:08:01","1","2022-05-19 08:08:01",1
"3520","35","MAGETAN","1","2022-05-19 08:08:01","1","2022-05-19 08:08:01",1
"3521","35","NGAWI","1","2022-05-19 08:08:01","1","2022-05-19 08:08:01",1
"3522","35","BOJONEGORO","1","2022-05-19 08:08:01","1","2022-05-19 08:08:01",1
"3523","35","TUBAN","1","2022-05-19 08:08:01","1","2022-05-19 08:08:01",1
"3524","35","LAMONGAN","1","2022-05-19 08:08:01","1","2022-05-19 08:08:01",1
"3525","35","GRESIK","1","2022-05-19 08:08:01","1","2022-05-19 08:08:01",1
"3526","35","BANGKALAN","1","2022-05-19 08:08:01","1","2022-05-19 08:08:01",1
"3527","35","SAMPANG","1","2022-05-19 08:08:01","1","2022-05-19 08:08:01",1
"3528","35","PAMEKASAN","1","2022-05-19 08:08:01","1","2022-05-19 08:08:01",1
"3529","35","SUMENEP","1","2022-05-19 08:08:01","1","2022-05-19 08:08:01",1
"3571","35","KEDIRI","1","2022-05-19 08:08:01","1","2022-05-19 08:08:01",1
"3572","35","BLITAR","1","2022-05-19 08:08:01","1","2022-05-19 08:08:01",1
"3573","35","MALANG","1","2022-05-19 08:08:01","1","2022-05-19 08:08:01",1
"3574","35","PROBOLINGGO","1","2022-05-19 08:08:01","1","2022-05-19 08:08:01",1
"3575","35","PASURUAN","1","2022-05-19 08:08:01","1","2022-05-19 08:08:01",1
"3576","35","MOJOKERTO","1","2022-05-19 08:08:01","1","2022-05-19 08:08:01",1
"3577","35","MADIUN","1","2022-05-19 08:08:01","1","2022-05-19 08:08:01",1
"3578","35","SURABAYA","1","2022-05-19 08:08:01","1","2022-05-19 08:08:01",1
"3579","35","BATU","1","2022-05-19 08:08:01","1","2022-05-19 08:08:01",1
"3601","36","PANDEGLANG","1","2022-05-19 08:08:01","1","2022-05-19 08:08:01",1
"3602","36","LEBAK","1","2022-05-19 08:08:01","1","2022-05-19 08:08:01",1
"3603","36","TANGERANG","1","2022-05-19 08:08:01","1","2022-05-19 08:08:01",1
"3604","36","SERANG","1","2022-05-19 08:08:01","1","2022-05-19 08:08:01",1
"3671","36","TANGERANG","1","2022-05-19 08:08:01","1","2022-05-19 08:08:01",1
"3672","36","CILEGON","1","2022-05-19 08:08:01","1","2022-05-19 08:08:01",1
"3673","36","SERANG","1","2022-05-19 08:08:01","1","2022-05-19 08:08:01",1
"3674","36","TANGERANG SELATAN","1","2022-05-19 08:08:01","1","2022-05-19 08:08:01",1
"5101","51","JEMBRANA","1","2022-05-19 08:08:01","1","2022-05-19 08:08:01",1
"5102","51","TABANAN","1","2022-05-19 08:08:01","1","2022-05-19 08:08:01",1
"5103","51","BADUNG","1","2022-05-19 08:08:01","1","2022-05-19 08:08:01",1
"5104","51","GIANYAR","1","2022-05-19 08:08:01","1","2022-05-19 08:08:01",1
"5105","51","KLUNGKUNG","1","2022-05-19 08:08:01","1","2022-05-19 08:08:01",1
"5106","51","BANGLI","1","2022-05-19 08:08:01","1","2022-05-19 08:08:01",1
"5107","51","KARANGASEM","1","2022-05-19 08:08:01","1","2022-05-19 08:08:01",1
"5108","51","BULELENG","1","2022-05-19 08:08:01","1","2022-05-19 08:08:01",1
"5171","51","DENPASAR","1","2022-05-19 08:08:01","1","2022-05-19 08:08:01",1
"5201","52","LOMBOK BARAT","1","2022-05-19 08:08:01","1","2022-05-19 08:08:01",1
"5202","52","LOMBOK TENGAH","1","2022-05-19 08:08:01","1","2022-05-19 08:08:01",1
"5203","52","LOMBOK TIMUR","1","2022-05-19 08:08:01","1","2022-05-19 08:08:01",1
"5204","52","SUMBAWA","1","2022-05-19 08:08:01","1","2022-05-19 08:08:01",1
"5205","52","DOMPU","1","2022-05-19 08:08:01","1","2022-05-19 08:08:01",1
"5206","52","BIMA","1","2022-05-19 08:08:01","1","2022-05-19 08:08:01",1
"5207","52","SUMBAWA BARAT","1","2022-05-19 08:08:01","1","2022-05-19 08:08:01",1
"5208","52","LOMBOK UTARA","1","2022-05-19 08:08:01","1","2022-05-19 08:08:01",1
"5271","52","MATARAM","1","2022-05-19 08:08:01","1","2022-05-19 08:08:01",1
"5272","52","BIMA","1","2022-05-19 08:08:01","1","2022-05-19 08:08:01",1
"5301","53","KUPANG","1","2022-05-19 08:08:01","1","2022-05-19 08:08:01",1
"5302","53","KAB TIMOR TENGAH SELATAN","1","2022-05-19 08:08:01","1","2022-05-19 08:08:01",1
"5303","53","TIMOR TENGAH UTARA","1","2022-05-19 08:08:01","1","2022-05-19 08:08:01",1
"5304","53","BELU","1","2022-05-19 08:08:01","1","2022-05-19 08:08:01",1
"5305","53","ALOR","1","2022-05-19 08:08:01","1","2022-05-19 08:08:01",1
"5306","53","FLORES TIMUR","1","2022-05-19 08:08:01","1","2022-05-19 08:08:01",1
"5307","53","SIKKA","1","2022-05-19 08:08:01","1","2022-05-19 08:08:01",1
"5308","53","ENDE","1","2022-05-19 08:08:01","1","2022-05-19 08:08:01",1
"5309","53","NGADA","1","2022-05-19 08:08:01","1","2022-05-19 08:08:01",1
"5310","53","MANGGARAI","1","2022-05-19 08:08:01","1","2022-05-19 08:08:01",1
"5311","53","SUMBA TIMUR","1","2022-05-19 08:08:01","1","2022-05-19 08:08:01",1
"5312","53","SUMBA BARAT","1","2022-05-19 08:08:01","1","2022-05-19 08:08:01",1
"5313","53","LEMBATA","1","2022-05-19 08:08:01","1","2022-05-19 08:08:01",1
"5314","53","ROTE NDAO","1","2022-05-19 08:08:01","1","2022-05-19 08:08:01",1
"5315","53","MANGGARAI BARAT","1","2022-05-19 08:08:01","1","2022-05-19 08:08:01",1
"5316","53","NAGEKEO","1","2022-05-19 08:08:01","1","2022-05-19 08:08:01",1
"5317","53","SUMBA TENGAH","1","2022-05-19 08:08:01","1","2022-05-19 08:08:01",1
"5318","53","SUMBA BARAT DAYA","1","2022-05-19 08:08:01","1","2022-05-19 08:08:01",1
"5319","53","MANGGARAI TIMUR","1","2022-05-19 08:08:01","1","2022-05-19 08:08:01",1
"5320","53","SABU RAIJUA","1","2022-05-19 08:08:01","1","2022-05-19 08:08:01",1
"5321","53","MALAKA","1","2022-05-19 08:08:01","1","2022-05-19 08:08:01",1
"5371","53","KUPANG","1","2022-05-19 08:08:01","1","2022-05-19 08:08:01",1
"6101","61","SAMBAS","1","2022-05-19 08:08:01","1","2022-05-19 08:08:01",1
"6102","61","MEMPAWAH","1","2022-05-19 08:08:01","1","2022-05-19 08:08:01",1
"6103","61","SANGGAU","1","2022-05-19 08:08:01","1","2022-05-19 08:08:01",1
"6104","61","KETAPANG","1","2022-05-19 08:08:01","1","2022-05-19 08:08:01",1
"6105","61","SINTANG","1","2022-05-19 08:08:01","1","2022-05-19 08:08:01",1
"6106","61","KAPUAS HULU","1","2022-05-19 08:08:01","1","2022-05-19 08:08:01",1
"6107","61","BENGKAYANG","1","2022-05-19 08:08:01","1","2022-05-19 08:08:01",1
"6108","61","LANDAK","1","2022-05-19 08:08:01","1","2022-05-19 08:08:01",1
"6109","61","SEKADAU","1","2022-05-19 08:08:01","1","2022-05-19 08:08:01",1
"6110","61","MELAWI","1","2022-05-19 08:08:01","1","2022-05-19 08:08:01",1
"6111","61","KAYONG UTARA","1","2022-05-19 08:08:01","1","2022-05-19 08:08:01",1
"6112","61","KUBU RAYA","1","2022-05-19 08:08:01","1","2022-05-19 08:08:01",1
"6171","61","PONTIANAK","1","2022-05-19 08:08:01","1","2022-05-19 08:08:01",1
"6172","61","SINGKAWANG","1","2022-05-19 08:08:01","1","2022-05-19 08:08:01",1
"6201","62","KOTAWARINGIN BARAT","1","2022-05-19 08:08:01","1","2022-05-19 08:08:01",1
"6202","62","KOTAWARINGIN TIMUR","1","2022-05-19 08:08:01","1","2022-05-19 08:08:01",1
"6203","62","KAPUAS","1","2022-05-19 08:08:01","1","2022-05-19 08:08:01",1
"6204","62","BARITO SELATAN","1","2022-05-19 08:08:01","1","2022-05-19 08:08:01",1
"6205","62","BARITO UTARA","1","2022-05-19 08:08:01","1","2022-05-19 08:08:01",1
"6206","62","KATINGAN","1","2022-05-19 08:08:01","1","2022-05-19 08:08:01",1
"6207","62","SERUYAN","1","2022-05-19 08:08:01","1","2022-05-19 08:08:01",1
"6208","62","SUKAMARA","1","2022-05-19 08:08:01","1","2022-05-19 08:08:01",1
"6209","62","LAMANDAU","1","2022-05-19 08:08:01","1","2022-05-19 08:08:01",1
"6210","62","GUNUNG MAS","1","2022-05-19 08:08:01","1","2022-05-19 08:08:01",1
"6211","62","PULANG PISAU","1","2022-05-19 08:08:01","1","2022-05-19 08:08:01",1
"6212","62","MURUNG RAYA","1","2022-05-19 08:08:01","1","2022-05-19 08:08:01",1
"6213","62","BARITO TIMUR","1","2022-05-19 08:08:01","1","2022-05-19 08:08:01",1
"6271","62","PALANGKARAYA","1","2022-05-19 08:08:01","1","2022-05-19 08:08:01",1
"6301","63","TANAH LAUT","1","2022-05-19 08:08:01","1","2022-05-19 08:08:01",1
"6302","63","KOTABARU","1","2022-05-19 08:08:01","1","2022-05-19 08:08:01",1
"6303","63","BANJAR","1","2022-05-19 08:08:01","1","2022-05-19 08:08:01",1
"6304","63","BARITO KUALA","1","2022-05-19 08:08:01","1","2022-05-19 08:08:01",1
"6305","63","TAPIN","1","2022-05-19 08:08:01","1","2022-05-19 08:08:01",1
"6306","63","HULU SUNGAI SELATAN","1","2022-05-19 08:08:01","1","2022-05-19 08:08:01",1
"6307","63","HULU SUNGAI TENGAH","1","2022-05-19 08:08:01","1","2022-05-19 08:08:01",1
"6308","63","HULU SUNGAI UTARA","1","2022-05-19 08:08:01","1","2022-05-19 08:08:01",1
"6309","63","TABALONG","1","2022-05-19 08:08:01","1","2022-05-19 08:08:01",1
"6310","63","TANAH BUMBU","1","2022-05-19 08:08:01","1","2022-05-19 08:08:01",1
"6311","63","BALANGAN","1","2022-05-19 08:08:01","1","2022-05-19 08:08:01",1
"6371","63","BANJARMASIN","1","2022-05-19 08:08:01","1","2022-05-19 08:08:01",1
"6372","63","BANJARBARU","1","2022-05-19 08:08:01","1","2022-05-19 08:08:01",1
"6401","64","PASER","1","2022-05-19 08:08:01","1","2022-05-19 08:08:01",1
"6402","64","KUTAI KARTANEGARA","1","2022-05-19 08:08:01","1","2022-05-19 08:08:01",1
"6403","64","BERAU","1","2022-05-19 08:08:01","1","2022-05-19 08:08:01",1
"6407","64","KUTAI BARAT","1","2022-05-19 08:08:01","1","2022-05-19 08:08:01",1
"6408","64","KUTAI TIMUR","1","2022-05-19 08:08:01","1","2022-05-19 08:08:01",1
"6409","64","PENAJAM PASER UTARA","1","2022-05-19 08:08:01","1","2022-05-19 08:08:01",1
"6411","64","MAHAKAM ULU","1","2022-05-19 08:08:01","1","2022-05-19 08:08:01",1
"6471","64","BALIKPAPAN","1","2022-05-19 08:08:01","1","2022-05-19 08:08:01",1
"6472","64","SAMARINDA","1","2022-05-19 08:08:01","1","2022-05-19 08:08:01",1
"6474","64","BONTANG","1","2022-05-19 08:08:01","1","2022-05-19 08:08:01",1
"6501","65","BULUNGAN","1","2022-05-19 08:08:01","1","2022-05-19 08:08:01",1
"6502","65","MALINAU","1","2022-05-19 08:08:01","1","2022-05-19 08:08:01",1
"6503","65","NUNUKAN","1","2022-05-19 08:08:01","1","2022-05-19 08:08:01",1
"6504","65","TANA TIDUNG","1","2022-05-19 08:08:01","1","2022-05-19 08:08:01",1
"6571","65","TARAKAN","1","2022-05-19 08:08:01","1","2022-05-19 08:08:01",1
"7101","71","BOLAANG MONGONDOW","1","2022-05-19 08:08:01","1","2022-05-19 08:08:01",1
"7102","71","MINAHASA","1","2022-05-19 08:08:01","1","2022-05-19 08:08:01",1
"7103","71","KEPULAUAN SANGIHE","1","2022-05-19 08:08:01","1","2022-05-19 08:08:01",1
"7104","71","KEPULAUAN TALAUD","1","2022-05-19 08:08:01","1","2022-05-19 08:08:01",1
"7105","71","MINAHASA SELATAN","1","2022-05-19 08:08:01","1","2022-05-19 08:08:01",1
"7106","71","MINAHASA UTARA","1","2022-05-19 08:08:01","1","2022-05-19 08:08:01",1
"7107","71","MINAHASA TENGGARA","1","2022-05-19 08:08:01","1","2022-05-19 08:08:01",1
"7108","71","BOLAANG MONGONDOW UTARA","1","2022-05-19 08:08:01","1","2022-05-19 08:08:01",1
"7109","71","KEPULAUAN SIAU TAGULANDANG BIARO","1","2022-05-19 08:08:01","1","2022-05-19 08:08:01",1
"7110","71","BOLAANG MONGONDOW TIMUR","1","2022-05-19 08:08:01","1","2022-05-19 08:08:01",1
"7111","71","BOLAANG MONGONDOW SELATAN","1","2022-05-19 08:08:01","1","2022-05-19 08:08:01",1
"7171","71","MANADO","1","2022-05-19 08:08:01","1","2022-05-19 08:08:01",1
"7172","71","BITUNG","1","2022-05-19 08:08:01","1","2022-05-19 08:08:01",1
"7173","71","TOMOHON","1","2022-05-19 08:08:01","1","2022-05-19 08:08:01",1
"7174","71","KOTAMOBAGU","1","2022-05-19 08:08:01","1","2022-05-19 08:08:01",1
"7201","72","BANGGAI","1","2022-05-19 08:08:01","1","2022-05-19 08:08:01",1
"7202","72","POSO","1","2022-05-19 08:08:01","1","2022-05-19 08:08:01",1
"7203","72","DONGGALA","1","2022-05-19 08:08:01","1","2022-05-19 08:08:01",1
"7204","72","TOLI TOLI","1","2022-05-19 08:08:01","1","2022-05-19 08:08:01",1
"7205","72","BUOL","1","2022-05-19 08:08:01","1","2022-05-19 08:08:01",1
"7206","72","MOROWALI","1","2022-05-19 08:08:01","1","2022-05-19 08:08:01",1
"7207","72","BANGGAI KEPULAUAN","1","2022-05-19 08:08:01","1","2022-05-19 08:08:01",1
"7208","72","PARIGI MOUTONG","1","2022-05-19 08:08:01","1","2022-05-19 08:08:01",1
"7209","72","TOJO UNA UNA","1","2022-05-19 08:08:01","1","2022-05-19 08:08:01",1
"7210","72","SIGI","1","2022-05-19 08:08:01","1","2022-05-19 08:08:01",1
"7211","72","BANGGAI LAUT","1","2022-05-19 08:08:01","1","2022-05-19 08:08:01",1
"7212","72","MOROWALI UTARA","1","2022-05-19 08:08:01","1","2022-05-19 08:08:01",1
"7271","72","PALU","1","2022-05-19 08:08:01","1","2022-05-19 08:08:01",1
"7301","73","KEPULAUAN SELAYAR","1","2022-05-19 08:08:01","1","2022-05-19 08:08:01",1
"7302","73","BULUKUMBA","1","2022-05-19 08:08:01","1","2022-05-19 08:08:01",1
"7303","73","BANTAENG","1","2022-05-19 08:08:01","1","2022-05-19 08:08:01",1
"7304","73","JENEPONTO","1","2022-05-19 08:08:01","1","2022-05-19 08:08:01",1
"7305","73","TAKALAR","1","2022-05-19 08:08:01","1","2022-05-19 08:08:01",1
"7306","73","GOWA","1","2022-05-19 08:08:01","1","2022-05-19 08:08:01",1
"7307","73","SINJAI","1","2022-05-19 08:08:01","1","2022-05-19 08:08:01",1
"7308","73","BONE","1","2022-05-19 08:08:01","1","2022-05-19 08:08:01",1
"7309","73","MAROS","1","2022-05-19 08:08:01","1","2022-05-19 08:08:01",1
"7310","73","PANGKAJENE KEPULAUAN","1","2022-05-19 08:08:01","1","2022-05-19 08:08:01",1
"7311","73","BARRU","1","2022-05-19 08:08:01","1","2022-05-19 08:08:01",1
"7312","73","SOPPENG","1","2022-05-19 08:08:01","1","2022-05-19 08:08:01",1
"7313","73","WAJO","1","2022-05-19 08:08:01","1","2022-05-19 08:08:01",1
"7314","73","SIDENRENG RAPPANG","1","2022-05-19 08:08:01","1","2022-05-19 08:08:01",1
"7315","73","PINRANG","1","2022-05-19 08:08:01","1","2022-05-19 08:08:01",1
"7316","73","ENREKANG","1","2022-05-19 08:08:01","1","2022-05-19 08:08:01",1
"7317","73","LUWU","1","2022-05-19 08:08:01","1","2022-05-19 08:08:01",1
"7318","73","TANA TORAJA","1","2022-05-19 08:08:01","1","2022-05-19 08:08:01",1
"7322","73","LUWU UTARA","1","2022-05-19 08:08:01","1","2022-05-19 08:08:01",1
"7324","73","LUWU TIMUR","1","2022-05-19 08:08:01","1","2022-05-19 08:08:01",1
"7326","73","TORAJA UTARA","1","2022-05-19 08:08:01","1","2022-05-19 08:08:01",1
"7371","73","MAKASSAR","1","2022-05-19 08:08:01","1","2022-05-19 08:08:01",1
"7372","73","PARE PARE","1","2022-05-19 08:08:01","1","2022-05-19 08:08:01",1
"7373","73","PALOPO","1","2022-05-19 08:08:01","1","2022-05-19 08:08:01",1
"7401","74","KOLAKA","1","2022-05-19 08:08:01","1","2022-05-19 08:08:01",1
"7402","74","KONAWE","1","2022-05-19 08:08:01","1","2022-05-19 08:08:01",1
"7403","74","MUNA","1","2022-05-19 08:08:01","1","2022-05-19 08:08:01",1
"7404","74","BUTON","1","2022-05-19 08:08:01","1","2022-05-19 08:08:01",1
"7405","74","KONAWE SELATAN","1","2022-05-19 08:08:01","1","2022-05-19 08:08:01",1
"7406","74","BOMBANA","1","2022-05-19 08:08:01","1","2022-05-19 08:08:01",1
"7407","74","WAKATOBI","1","2022-05-19 08:08:01","1","2022-05-19 08:08:01",1
"7408","74","KOLAKA UTARA","1","2022-05-19 08:08:01","1","2022-05-19 08:08:01",1
"7409","74","KONAWE UTARA","1","2022-05-19 08:08:01","1","2022-05-19 08:08:01",1
"7410","74","BUTON UTARA","1","2022-05-19 08:08:01","1","2022-05-19 08:08:01",1
"7411","74","KOLAKA TIMUR","1","2022-05-19 08:08:01","1","2022-05-19 08:08:01",1
"7412","74","KONAWE KEPULAUAN","1","2022-05-19 08:08:01","1","2022-05-19 08:08:01",1
"7413","74","MUNA BARAT","1","2022-05-19 08:08:01","1","2022-05-19 08:08:01",1
"7414","74","BUTON TENGAH","1","2022-05-19 08:08:01","1","2022-05-19 08:08:01",1
"7415","74","BUTON SELATAN","1","2022-05-19 08:08:01","1","2022-05-19 08:08:01",1
"7471","74","KENDARI","1","2022-05-19 08:08:01","1","2022-05-19 08:08:01",1
"7472","74","BAU BAU","1","2022-05-19 08:08:01","1","2022-05-19 08:08:01",1
"7501","75","GORONTALO","1","2022-05-19 08:08:01","1","2022-05-19 08:08:01",1
"7502","75","BOALEMO","1","2022-05-19 08:08:01","1","2022-05-19 08:08:01",1
"7503","75","BONE BOLANGO","1","2022-05-19 08:08:01","1","2022-05-19 08:08:01",1
"7504","75","PAHUWATO","1","2022-05-19 08:08:01","1","2022-05-19 08:08:01",1
"7505","75","GORONTALO UTARA","1","2022-05-19 08:08:01","1","2022-05-19 08:08:01",1
"7571","75","GORONTALO","1","2022-05-19 08:08:01","1","2022-05-19 08:08:01",1
"7601","76","MAMUJU UTARA","1","2022-05-19 08:08:01","1","2022-05-19 08:08:01",1
"7602","76","MAMUJU","1","2022-05-19 08:08:01","1","2022-05-19 08:08:01",1
"7603","76","MAMASA","1","2022-05-19 08:08:01","1","2022-05-19 08:08:01",1
"7604","76","POLEWALI MANDAR","1","2022-05-19 08:08:01","1","2022-05-19 08:08:01",1
"7605","76","MAJENE","1","2022-05-19 08:08:01","1","2022-05-19 08:08:01",1
"7606","76","MAMUJU TENGAH","1","2022-05-19 08:08:01","1","2022-05-19 08:08:01",1
"8101","81","MALUKU TENGAH","1","2022-05-19 08:08:01","1","2022-05-19 08:08:01",1
"8102","81","MALUKU TENGGARA","1","2022-05-19 08:08:01","1","2022-05-19 08:08:01",1
"8103","81","MALUKU TENGGARA BARAT","1","2022-05-19 08:08:01","1","2022-05-19 08:08:01",1
"8104","81","BURU","1","2022-05-19 08:08:01","1","2022-05-19 08:08:01",1
"8105","81","SERAM BAGIAN TIMUR","1","2022-05-19 08:08:01","1","2022-05-19 08:08:01",1
"8106","81","SERAM BAGIAN BARAT","1","2022-05-19 08:08:01","1","2022-05-19 08:08:01",1
"8107","81","KEPULAUAN ARU","1","2022-05-19 08:08:01","1","2022-05-19 08:08:01",1
"8108","81","MALUKU BARAT DAYA","1","2022-05-19 08:08:01","1","2022-05-19 08:08:01",1
"8109","81","BURU SELATAN","1","2022-05-19 08:08:01","1","2022-05-19 08:08:01",1
"8171","81","AMBON","1","2022-05-19 08:08:01","1","2022-05-19 08:08:01",1
"8172","81","TUAL","1","2022-05-19 08:08:01","1","2022-05-19 08:08:01",1
"8201","82","HALMAHERA BARAT","1","2022-05-19 08:08:01","1","2022-05-19 08:08:01",1
"8202","82","HALMAHERA TENGAH","1","2022-05-19 08:08:01","1","2022-05-19 08:08:01",1
"8203","82","HALMAHERA UTARA","1","2022-05-19 08:08:01","1","2022-05-19 08:08:01",1
"8204","82","HALMAHERA SELATAN","1","2022-05-19 08:08:01","1","2022-05-19 08:08:01",1
"8205","82","KEPULAUAN SULA","1","2022-05-19 08:08:01","1","2022-05-19 08:08:01",1
"8206","82","HALMAHERA TIMUR","1","2022-05-19 08:08:01","1","2022-05-19 08:08:01",1
"8207","82","PULAU MOROTAI","1","2022-05-19 08:08:01","1","2022-05-19 08:08:01",1
"8208","82","PULAU TALIABU","1","2022-05-19 08:08:01","1","2022-05-19 08:08:01",1
"8271","82","TERNATE","1","2022-05-19 08:08:01","1","2022-05-19 08:08:01",1
"8272","82","TIDORE KEPULAUAN","1","2022-05-19 08:08:01","1","2022-05-19 08:08:01",1
"9101","91","MERAUKE","1","2022-05-19 08:08:01","1","2022-05-19 08:08:01",1
"9102","91","JAYAWIJAYA","1","2022-05-19 08:08:01","1","2022-05-19 08:08:01",1
"9103","91","JAYAPURA","1","2022-05-19 08:08:01","1","2022-05-19 08:08:01",1
"9104","91","NABIRE","1","2022-05-19 08:08:01","1","2022-05-19 08:08:01",1
"9105","91","KEPULAUAN YAPEN","1","2022-05-19 08:08:01","1","2022-05-19 08:08:01",1
"9106","91","BIAK NUMFOR","1","2022-05-19 08:08:01","1","2022-05-19 08:08:01",1
"9107","91","PUNCAK JAYA","1","2022-05-19 08:08:01","1","2022-05-19 08:08:01",1
"9108","91","PANIAI","1","2022-05-19 08:08:01","1","2022-05-19 08:08:01",1
"9109","91","MIMIKA","1","2022-05-19 08:08:01","1","2022-05-19 08:08:01",1
"9110","91","SARMI","1","2022-05-19 08:08:01","1","2022-05-19 08:08:01",1
"9111","91","KEEROM","1","2022-05-19 08:08:01","1","2022-05-19 08:08:01",1
"9112","91","PEGUNUNGAN BINTANG","1","2022-05-19 08:08:01","1","2022-05-19 08:08:01",1
"9113","91","YAHUKIMO","1","2022-05-19 08:08:01","1","2022-05-19 08:08:01",1
"9114","91","TOLIKARA","1","2022-05-19 08:08:01","1","2022-05-19 08:08:01",1
"9115","91","WAROPEN","1","2022-05-19 08:08:01","1","2022-05-19 08:08:01",1
"9116","91","BOVEN DIGOEL","1","2022-05-19 08:08:01","1","2022-05-19 08:08:01",1
"9117","91","MAPPI","1","2022-05-19 08:08:01","1","2022-05-19 08:08:01",1
"9118","91","ASMAT","1","2022-05-19 08:08:01","1","2022-05-19 08:08:01",1
"9119","91","SUPIORI","1","2022-05-19 08:08:01","1","2022-05-19 08:08:01",1
"9120","91","MAMBERAMO RAYA","1","2022-05-19 08:08:01","1","2022-05-19 08:08:01",1
"9121","91","MAMBERAMO TENGAH","1","2022-05-19 08:08:01","1","2022-05-19 08:08:01",1
"9122","91","YALIMO","1","2022-05-19 08:08:01","1","2022-05-19 08:08:01",1
"9123","91","LANNY JAYA","1","2022-05-19 08:08:01","1","2022-05-19 08:08:01",1
"9124","91","NDUGA","1","2022-05-19 08:08:01","1","2022-05-19 08:08:01",1
"9125","91","PUNCAK","1","2022-05-19 08:08:01","1","2022-05-19 08:08:01",1
"9126","91","DOGIYAI","1","2022-05-19 08:08:01","1","2022-05-19 08:08:01",1
"9127","91","INTAN JAYA","1","2022-05-19 08:08:01","1","2022-05-19 08:08:01",1
"9128","91","DEIYAI","1","2022-05-19 08:08:01","1","2022-05-19 08:08:01",1
"9171","91","JAYAPURA","1","2022-05-19 08:08:01","1","2022-05-19 08:08:01",1
"9201","92","SORONG","1","2022-05-19 08:08:01","1","2022-05-19 08:08:01",1
"9202","92","MANOKWARI","1","2022-05-19 08:08:01","1","2022-05-19 08:08:01",1
"9203","92","FAK FAK","1","2022-05-19 08:08:01","1","2022-05-19 08:08:01",1
"9204","92","SORONG SELATAN","1","2022-05-19 08:08:01","1","2022-05-19 08:08:01",1
"9205","92","RAJA AMPAT","1","2022-05-19 08:08:01","1","2022-05-19 08:08:01",1
"9206","92","TELUK BINTUNI","1","2022-05-19 08:08:01","1","2022-05-19 08:08:01",1
"9207","92","TELUK WONDAMA","1","2022-05-19 08:08:01","1","2022-05-19 08:08:01",1
"9208","92","KAIMANA","1","2022-05-19 08:08:01","1","2022-05-19 08:08:01",1
"9209","92","TAMBRAUW","1","2022-05-19 08:08:01","1","2022-05-19 08:08:01",1
"9210","92","MAYBRAT","1","2022-05-19 08:08:01","1","2022-05-19 08:08:01",1
"9211","92","MANOKWARI SELATAN","1","2022-05-19 08:08:01","1","2022-05-19 08:08:01",1
"9212","92","PEGUNUNGAN ARFAK","1","2022-05-19 08:08:01","1","2022-05-19 08:08:01",1
"9271","92","SORONG","1","2022-05-19 08:08:01","1","2022-05-19 08:08:01",1
